ID,Date,FirstName LastName,Phone,Email,Start date,Meals,Invoice
1,1/21/2021,Rhea Bloom,4-861-713-7200,Rhea_Bloom5883@tonsy.org,3/15/2021,3,True
2,1/19/2021,Sofia Isaac,8-175-350-7812,Sofia_Isaac8456@twipet.com,3/18/2021,2,True
3,1/20/2021,David Burnley,8-673-204-4110,David_Burnley6342@brety.org,3/18/2021,2,True
4,1/9/2021,Emery Rixon,4-500-605-6520,Emery_Rixon5268@zorer.org,3/9/2021,3,True
5,1/29/2021,Lana Gordon,4-746-040-7574,Lana_Gordon405@kideod.biz,4/5/2021,2,False
6,1/10/2021,Manuel Clifford,2-187-005-2461,Manuel_Clifford9063@twipet.com,3/21/2021,3,False
7,1/3/2021,Harvey Hill,6-424-817-7287,Harvey_Hill8108@hourpy.biz,3/19/2021,3,False
8,2/25/2021,Russel Mcgregor,0-411-148-6210,Russel_Mcgregor636@typill.biz,4/6/2021,3,False
9,2/10/2021,Ron Harris,5-730-810-5026,Ron_Harris1340@typill.biz,3/12/2021,2,True
10,1/31/2021,Luke Roberts,8-652-524-3813,Luke_Roberts2435@nanoff.biz,4/4/2021,4,True
11,2/11/2021,Benny Spencer,7-215-875-8138,Benny_Spencer7500@deavo.com,3/15/2021,4,False
12,1/5/2021,Ramon Smith,6-220-606-8411,Ramon_Smith2868@atink.com,3/18/2021,4,True
13,1/1/2021,Clint Coates,7-556-086-7136,Clint_Coates1771@muall.tech,3/31/2021,3,False
14,2/1/2021,Lucas Sherry,8-713-784-3213,Lucas_Sherry7738@twace.org,3/11/2021,2,True
15,1/2/2021,Makena Exton,0-364-262-3875,Makena_Exton7414@gompie.com,3/28/2021,4,False
16,1/24/2021,Candice Rowlands,3-753-588-7706,Candice_Rowlands7696@guentu.biz,3/25/2021,4,False
17,2/11/2021,Colleen Ellis,7-251-845-1237,Colleen_Ellis6216@tonsy.org,3/28/2021,3,True
18,2/26/2021,Owen Connor,4-236-873-3062,Owen_Connor6888@twace.org,3/6/2021,2,True
19,2/3/2021,Marigold Quinn,1-230-584-2827,Marigold_Quinn5876@kideod.biz,4/4/2021,2,True
20,1/27/2021,Summer Cooper,6-815-337-5510,Summer_Cooper9699@atink.com,3/13/2021,4,False
21,2/7/2021,Leroy Rehman,4-577-606-8141,Leroy_Rehman4038@qater.org,3/18/2021,2,False
22,2/23/2021,Megan Ramsey,3-586-533-6816,Megan_Ramsey7893@kideod.biz,4/5/2021,3,True
23,1/2/2021,Carol Porter,8-472-525-8510,Carol_Porter4798@ovock.tech,3/27/2021,3,False
24,2/10/2021,Kieth York,7-460-400-2477,Kieth_York5829@womeona.net,3/19/2021,2,False
25,2/8/2021,Melanie Darcy,7-150-002-2402,Melanie_Darcy5848@muall.tech,4/4/2021,2,False
26,1/4/2021,Michael Simmons,5-267-771-0286,Michael_Simmons4260@bauros.biz,3/27/2021,2,False
27,1/24/2021,Courtney Carter,4-732-734-5404,Courtney_Carter6721@bretoux.com,3/18/2021,3,True
28,1/31/2021,Clint Farrant,0-703-060-3336,Clint_Farrant319@deons.tech,3/15/2021,2,True
29,2/15/2021,Adeline Flynn,1-887-156-5365,Adeline_Flynn453@bulaffy.com,3/30/2021,2,True
30,1/27/2021,Phoebe Rixon,8-132-418-3403,Phoebe_Rixon5024@tonsy.org,3/3/2021,2,False
31,1/19/2021,Keira Edwards,8-826-043-6551,Keira_Edwards145@eirey.tech,3/16/2021,3,False
32,2/19/2021,Lana Burnley,8-118-456-1281,Lana_Burnley8661@fuliss.net,4/4/2021,4,True
33,2/26/2021,Anne Coleman,2-840-522-3414,Anne_Coleman6544@sveldo.biz,3/19/2021,2,True
34,2/4/2021,Jack Parker,4-368-122-3275,Jack_Parker2810@acrit.org,4/2/2021,4,True
35,2/4/2021,Tom Booth,4-246-315-8776,Tom_Booth6374@yahoo.com,3/8/2021,3,True
36,2/19/2021,Macy Vallory,3-505-578-3787,Macy_Vallory5800@elnee.tech,3/19/2021,4,False
37,2/17/2021,Johnathan Quinn,3-180-444-6788,Johnathan_Quinn1868@tonsy.org,3/31/2021,3,True
38,1/2/2021,Bryon Ward,0-375-218-2473,Bryon_Ward7364@joiniaa.com,3/14/2021,4,True
39,2/5/2021,Jacob Shea,0-023-846-5417,Jacob_Shea2013@muall.tech,3/30/2021,4,True
40,1/2/2021,Joyce Hill,0-338-361-2170,Joyce_Hill1743@qater.org,4/2/2021,4,True
41,1/5/2021,Rocco Plant,7-685-400-5322,Rocco_Plant5954@sheye.org,3/2/2021,3,True
42,1/1/2021,Blake Paterson,2-724-750-1843,Blake_Paterson5543@gmail.com,4/6/2021,4,True
43,1/9/2021,Celia Jennson,7-612-068-7622,Celia_Jennson9124@cispeto.com,3/23/2021,3,True
44,1/3/2021,Aileen Willis,5-343-255-5638,Aileen_Willis6380@elnee.tech,3/25/2021,4,True
45,1/10/2021,Michaela Cooper,7-718-643-0152,Michaela_Cooper3477@ovock.tech,3/25/2021,2,True
46,1/5/2021,Logan Flack,6-375-504-2673,Logan_Flack7827@nimogy.biz,3/16/2021,4,True
47,2/25/2021,Sage Olivier,6-485-263-5682,Sage_Olivier4849@famism.biz,3/10/2021,3,True
48,1/25/2021,Fred Abbey,1-513-154-8203,Fred_Abbey1595@grannar.com,3/28/2021,3,True
49,2/23/2021,Francesca Trent,6-013-217-6464,Francesca_Trent3913@nickia.com,3/26/2021,4,True
50,2/27/2021,Chanelle Oliver,5-551-578-4746,Chanelle_Oliver9652@brety.org,3/6/2021,3,True

